Charge[i,t,s] [*,*,Autumn] (tr)
:         3             5             7            16            21         :=
1    3.00395e-11   3.00395e-11   3.00395e-11   3.00395e-11   3.00395e-11
2    3.04552e-11   3.0282e-11    3.05554e-11   3.05565e-11   3.05567e-11
3    3.05567e-11   3.05566e-11   3.05567e-11   3.05567e-11   3.05567e-11
4    3.05567e-11   3.05566e-11   3.05568e-11   3.05567e-11   3.05567e-11
5    3.05568e-11   3.05567e-11   3.05568e-11   3.05567e-11   3.05567e-11
6    3.05566e-11   3.05564e-11   3.05566e-11   3.05565e-11   3.05565e-11
7    3.05569e-11   3.05568e-11   3.0557e-11    3.05568e-11   3.05568e-11
8    3.02824e-11   3.02822e-11   3.02825e-11   3.02822e-11   3.02822e-11
9    1.2797        0.85312       1.2797        0.85312       0.85312
10   3.7218        2.4812        3.7218        2.4812        2.4812
11   2.4361        1.6241        2.4361        1.6241        1.6241
12   2.3737        1.5825        2.3737        1.5825        1.5825
13   1.9315        1.2877        1.9315        1.2877        1.2877
14   1.5804        1.0536        1.5804        1.0536        1.0536
15   2.0024        1.3349        2.0024        1.3349        1.3349
16   2.9961        1.9974        2.9961        1.9974        1.9974
17   2.7122        1.8082        2.7122        1.8082        1.8082
18   0.011681      0.00778749    0.0116809     0.00778741    0.00778741
19   3.03421e-11   3.03841e-11   3.03189e-11   3.03187e-11   3.03187e-11
20   3.03419e-11   3.0384e-11    3.03187e-11   3.03186e-11   3.03186e-11
21   3.03419e-11   3.0384e-11    3.03187e-11   3.03186e-11   3.03186e-11
22   3.03418e-11   3.03839e-11   3.03186e-11   3.03185e-11   3.03185e-11
23   3.03417e-11   3.03839e-11   3.03186e-11   3.03185e-11   3.03185e-11
24   3.03418e-11   3.03839e-11   3.03185e-11   3.03185e-11   3.03185e-11

:        23         :=
1    3.00395e-11
2    3.05563e-11
3    3.05569e-11
4    3.05569e-11
5    3.0557e-11
6    3.05569e-11
7    3.05573e-11
8    3.02829e-11
9    2.5594
10   7.4436
11   4.8723
12   4.7474
13   3.8631
14   3.1609
15   4.0048
16   5.9922
17   5.4245
18   0.0233629
19   3.03191e-11
20   3.03188e-11
21   3.03187e-11
22   3.03186e-11
23   3.03185e-11
24   3.03185e-11

 [*,*,Spring] (tr)
:         3             5             7            16            21         :=
1    2.69733       1.9817        2.68545       2.58794       2.58811
2    3.03091e-11   3.03091e-11   3.03092e-11   3.03091e-11   3.03091e-11
3    3.03091e-11   3.0309e-11    3.03091e-11   3.0309e-11    3.0309e-11
4    3.03093e-11   3.03092e-11   3.03093e-11   3.03092e-11   3.03092e-11
5    3.03092e-11   3.03091e-11   3.03093e-11   3.03092e-11   3.03092e-11
6    3.03091e-11   3.0309e-11    3.03092e-11   3.0309e-11    3.0309e-11
7    0.00295238    0.00196734    0.00295238    0.00196734    0.00196734
8    1.9853        1.3235        1.9853        1.3235        1.3235
9    3.8109        2.5406        3.81089       2.54059       2.54059
10   5.76769       2.85523       5.76769       3.84509       3.84509
11   4.06706       2.69589       4.06718       2.70273       2.70272
12   6.78821       2.50484       6.79133       5.81577       5.81573
13   4.71158       2.05131       4.71126       3.45665       3.45666
14   4.86959       2.04512       4.86902       3.56854       3.56855
15   4.19337       2.05187       4.19289       3.054         3.05401
16   7.25245       2.85523       7.25192       4.86091       4.86092
17   4.78779       2.85523       4.78779       3.19189       3.19189
18   2.23999       1.49329       2.23999       1.49329       1.49329
19   0.168318      0.112218      0.168318      0.112218      0.112218
20   0.0309304     0.0206193     0.0309303     0.0206176     0.0206182
21   3.0309e-11    3.0309e-11    3.0309e-11    3.03088e-11   3.03088e-11
22   3.03098e-11   3.03098e-11   3.03098e-11   3.03097e-11   3.03097e-11
23   3.03098e-11   3.03097e-11   3.03097e-11   3.03096e-11   3.03096e-11
24   3.03088e-11   3.03088e-11   3.03087e-11   3.03087e-11   3.03087e-11

:         23         :=
1     2.93945
2     3.03094e-11
3     3.03093e-11
4     3.03095e-11
5     3.03095e-11
6     3.03095e-11
7     0.00590712
8     3.9706
9     7.62169
10   11.5354
11    8.17187
12   13.3045
13    9.52967
14    9.84257
15    8.45056
16   14.5012
17    9.57569
18    4.47999
19    0.336648
20    0.0618603
21    3.03092e-11
22    3.031e-11
23    3.03099e-11
24    3.03089e-11

 [*,*,Summer] (tr)
:         3             5             7            16            21         :=
1    3.00395e-11   3.00395e-11   3.00395e-11   3.00395e-11   3.00395e-11
2    3.04911e-11   3.02821e-11   3.05639e-11   3.05413e-11   3.05382e-11
3    3.05553e-11   3.05554e-11   3.05553e-11   3.05554e-11   3.05554e-11
4    3.05553e-11   3.05554e-11   3.05553e-11   3.05554e-11   3.05554e-11
5    3.05553e-11   3.05554e-11   3.05554e-11   3.05554e-11   3.05554e-11
6    3.05544e-11   3.05544e-11   3.05554e-11   3.05552e-11   3.05551e-11
7    3.02821e-11   3.02822e-11   3.02822e-11   3.02822e-11   3.02822e-11
8    0.034415      0.022944      0.034415      0.022944      0.022944
9    0.42954       0.28636       0.42954       0.28636       0.28636
10   0.85341       0.56894       0.85341       0.56894       0.56894
11   1.2388        0.82584       1.2388        0.82584       0.82584
12   1.2689        0.84592       1.2689        0.84592       0.84592
13   1.3845        0.92301       1.3845        0.92301       0.92301
14   1.358         0.90534       1.358         0.90534       0.90534
15   1.6675        1.1117        1.6675        1.1117        1.1117
16   1.7106        1.1404        1.7106        1.1404        1.1404
17   0.76783       0.51189       0.76783       0.51189       0.51189
18   0.64517       0.43011       0.64517       0.43011       0.43011
19   0.42245       0.28163       0.42245       0.28163       0.28163
20   3.05291e-11   3.0526e-11    3.05554e-11   3.05473e-11   3.05461e-11
21   3.02821e-11   3.02822e-11   3.02821e-11   3.02822e-11   3.02822e-11
22   3.02821e-11   3.02822e-11   3.02821e-11   3.02822e-11   3.02822e-11
23   3.02821e-11   3.02822e-11   3.02821e-11   3.02822e-11   3.02822e-11
24   3.02821e-11   3.02822e-11   3.02821e-11   3.02822e-11   3.02822e-11

:        23         :=
1    3.00395e-11
2    3.05496e-11
3    3.05554e-11
4    3.05554e-11
5    3.05555e-11
6    3.05554e-11
7    3.02823e-11
8    0.068831
9    0.85908
10   1.7068
11   2.4775
12   2.5377
13   2.769
14   2.716
15   3.3351
16   3.4213
17   1.5357
18   1.2903
19   0.8449
20   3.05505e-11
21   3.02823e-11
22   3.02823e-11
23   3.02823e-11
24   3.02823e-11

 [*,*,Winter] (tr)
:         3             5             7            16            21         :=
1    3.03097e-11   3.03097e-11   3.03097e-11   3.03097e-11   3.03097e-11
2    3.03636e-11   3.05573e-11   3.03114e-11   3.03115e-11   3.03143e-11
3    3.03636e-11   3.05573e-11   3.03114e-11   3.03115e-11   3.03143e-11
4    3.03633e-11   3.0557e-11    3.03111e-11   3.03112e-11   3.0314e-11
5    3.03636e-11   3.05573e-11   3.03114e-11   3.03115e-11   3.03143e-11
6    3.03636e-11   3.05573e-11   3.03114e-11   3.03115e-11   3.03143e-11
7    3.03636e-11   3.05573e-11   3.03114e-11   3.03115e-11   3.03143e-11
8    3.03636e-11   3.05573e-11   3.03114e-11   3.03115e-11   3.03143e-11
9    0.26235       0.1749        0.262349      0.174899      0.1749
10   0.32358       0.21572       0.323579      0.215719      0.21572
11   0.014963      0.0099752     0.0149624     0.00997453    0.009975
12   0.2525        0.16834       0.252499      0.168339      0.16834
13   0.00507008    0.00338       0.00506939    0.00337927    0.00337979
14   0.00136758    0.000911706   0.00136689    0.000911014   0.000911478
15   0.000829684   0.000553126   0.000829004   0.000552421   0.0005529
16   3.03044e-11   3.02827e-11   3.03101e-11   3.03104e-11   3.03096e-11
17   3.03622e-11   3.0556e-11    3.031e-11     3.03101e-11   3.03129e-11
18   3.03637e-11   3.05575e-11   3.03115e-11   3.03116e-11   3.03144e-11
19   3.03637e-11   3.05575e-11   3.03115e-11   3.03116e-11   3.03144e-11
20   3.03637e-11   3.05575e-11   3.03115e-11   3.03116e-11   3.03144e-11
21   3.03636e-11   3.05573e-11   3.03114e-11   3.03115e-11   3.03143e-11
22   3.03637e-11   3.05575e-11   3.03115e-11   3.03116e-11   3.03144e-11
23   3.03637e-11   3.05575e-11   3.03115e-11   3.03116e-11   3.03144e-11
24   3.03637e-11   3.05575e-11   3.03115e-11   3.03116e-11   3.03144e-11

:        23         :=
1    3.03097e-11
2    3.03113e-11
3    3.03113e-11
4    3.0311e-11
5    3.03113e-11
6    3.03113e-11
7    3.03113e-11
8    3.03113e-11
9    0.524699
10   0.647149
11   0.0299254
12   0.505009
13   0.0101393
14   0.00273437
15   0.00165868
16   3.03109e-11
17   3.03099e-11
18   3.03114e-11
19   3.03114e-11
20   3.03114e-11
21   3.03112e-11
22   3.03114e-11
23   3.03114e-11
24   3.03114e-11
;

