Discharge[i,t,s] [*,*,Autumn] (tr)
:         3             5             7            16            21         :=
1    7.3647        2.85523       7.3647        5.92925       5.92925
2    1.33616e-08   0.702501      1.01298e-08   1.01083e-08   1.01054e-08
3    1.01052e-08   1.0105e-08    1.01052e-08   1.01054e-08   1.01054e-08
4    1.01052e-08   1.0105e-08    1.01052e-08   1.01053e-08   1.01053e-08
5    1.01052e-08   1.01051e-08   1.01052e-08   1.01054e-08   1.01054e-08
6    1.01103e-08   1.01102e-08   1.01103e-08   1.01105e-08   1.01105e-08
7    1.01052e-08   1.01051e-08   1.01052e-08   1.01053e-08   1.01053e-08
8    2.34259       0.960014      2.3992        1.92045       1.9202
9    2.52994       1.1619        2.5936        2.06671       2.06598
10   2.8956        1.5575        2.96255       2.42785       2.42499
11   3.13957       1.73116       3.28348       2.7608        2.76317
12   3.51905       1.95164       3.50964       3.48672       3.48819
13   4.56688       2.25558       4.24516       3.21648e-07   2.45334e-07
14   7.48868e-08   3.3043e-08    2.49225e-07   2.48683e-07   2.48697e-07
15   7.45987e-08   3.29799e-08   2.46107e-07   2.45497e-07   2.45505e-07
16   7.49286e-08   3.30449e-08   2.49391e-07   2.48894e-07   2.48922e-07
17   3.60176e-07   2.34224       2.64143e-07   2.48805e-07   2.7855e-07
18   7.49158e-08   3.30409e-08   2.49716e-07   2.4907e-07    2.49078e-07
19   7.48893e-08   3.30498e-08   2.49167e-07   2.48602e-07   2.4862e-07
20   7.48768e-08   3.30335e-08   2.49272e-07   2.48634e-07   2.48642e-07
21   7.48786e-08   3.30339e-08   2.49296e-07   2.48659e-07   2.48667e-07
22   7.4919e-08    3.30417e-08   2.49768e-07   2.49126e-07   2.49135e-07
23   7.49404e-08   3.30468e-08   2.49558e-07   2.49056e-07   2.49084e-07
24   7.49039e-08   3.30388e-08   2.49595e-07   2.48956e-07   2.48964e-07

:         23         :=
1    14.7296
2     1.01161e-08
3     1.01052e-08
4     1.01052e-08
5     1.01053e-08
6     1.01103e-08
7     1.01052e-08
8     5.09672
9     5.49845
10    6.6544
11    7.73526
12    9.51636
13    3.48645
14    2.54223e-07
15    2.50904e-07
16    2.54402e-07
17    2.8697e-07
18    2.54636e-07
19    2.54108e-07
20    2.54169e-07
21    2.54194e-07
22    2.54685e-07
23    2.54557e-07
24    2.54505e-07

 [*,*,Spring] (tr)
:         3             5             7            16            21         :=
1    3.10633e-11   3.10559e-11   3.10697e-11   3.10614e-11   3.1067e-11
2    6.36911e-06   6.28851e-06   6.36776e-06   6.33459e-06   6.33507e-06
3    7.9888e-06    7.8812e-06    7.98739e-06   7.94021e-06   7.94077e-06
4    6.37083e-06   6.29217e-06   6.36959e-06   6.33716e-06   6.33766e-06
5    8.02887e-06   7.92341e-06   8.02775e-06   7.98136e-06   7.98174e-06
6    0.000218256   0.000231169   0.000218595   0.000226501   0.000226595
7    2.82524       1.59574       2.82524       2.02611       2.02611
8    7.36466       2.8552        7.36466       5.92921       5.92921
9    3.43933       2.29289       1.27997       0.000401305   2.29249
10   5.20534       2.57684       7.36468       5.76268       3.47059
11   3.64401       2.39686       3.64427       2.39302       2.393
12   0.723691      0.58296       0.724644      0.188592      0.188597
13   1.03156       0.682662      1.03155       0.682497      0.682501
14   0.105198      0.0700978     0.105198      0.0700978     0.0700978
15   0             0             0             0             0
16   6.47779       2.57737       6.47779       4.31849       4.31849
17   6.34068       2.85425       6.34066       4.22647       4.22647
18   0.00189337    1.06976       0.00191388    0.00190533    0.00190363
19   0.151905      0.101275      0.151905      0.119877      0.101281
20   7.3647        2.85523       1.05856       4.91453e-06   0.0186017
21   1.05887       0.418238      7.36465       5.92922       5.92922
22   2.34267e-06   2.30179e-06   2.45148e-06   2.45937e-06   2.45846e-06
23   2.35007e-06   2.30923e-06   2.45872e-06   2.46543e-06   2.46461e-06
24   9.4119e-05    9.7858e-05    0.000457122   0.830128      0.830127

:         23         :=
1     3.10961e-11
2     6.43447e-06
3     8.08353e-06
4     6.43448e-06
5     8.12216e-06
6     0.00020745
7     5.65073
8    14.7295
9     2.55974
10   14.7295
11    7.34941
12    1.39053
13    2.09057
14    0.210398
15    0
16   12.9556
17   12.6833
18    0.00191347
19    0.303823
20    1.71107
21   14.7295
22    2.46444e-06
23    2.47199e-06
24    0.406934

 [*,*,Summer] (tr)
:         3             5             7            16            21         :=
1    7.3647        2.85523       7.3647        5.92925       5.92925
2    1.17808e-08   0.729803      9.97835e-09   1.0409e-08    1.04761e-08
3    1.01314e-08   1.01311e-08   1.01314e-08   1.01313e-08   1.01313e-08
4    1.01314e-08   1.01311e-08   1.01314e-08   1.01313e-08   1.01313e-08
5    1.0131e-08    1.01307e-08   1.0131e-08    1.01309e-08   1.01309e-08
6    1.01479e-08   1.01496e-08   1.01311e-08   1.01362e-08   1.01369e-08
7    2.04325       0.962247      2.20417       1.29066       1.29029
8    1.01316e-08   1.01315e-08   1.01317e-08   1.01316e-08   1.01316e-08
9    1.0897e-08    1.25338e-08   1.01294e-08   1.03414e-08   1.03725e-08
10   1.09004e-08   1.25383e-08   1.01321e-08   1.03443e-08   1.03755e-08
11   1.06154e-08   1.06904e-08   1.00746e-08   1.02287e-08   1.0251e-08
12   1.79355       1.42693       1.63884       1.09527       1.09578
13   0.698285      0.502644      0.711908      0.447599      0.447476
14   1.40567       1.19022       1.2536        0.880203      0.880488
15   1.0111e-08    1.01119e-08   1.01107e-08   1.01107e-08   1.01107e-08
16   1.01112e-08   1.01112e-08   1.01103e-08   1.01105e-08   1.01105e-08
17   1.01112e-08   1.01117e-08   1.0111e-08    1.01109e-08   1.01109e-08
18   1.01318e-08   1.01317e-08   1.01318e-08   1.01317e-08   1.01317e-08
19   1.072e-08     1.2293e-08    9.98439e-09   1.01874e-08   1.02172e-08
20   1.06801e-08   1.07562e-08   1.01304e-08   1.02871e-08   1.03098e-08
21   1.26328       0.642451      1.30587       0.893339      0.893325
22   1.17425       0.570783      1.20362       0.844479      0.844312
23   1.13425       0.53831       1.1667        0.822353      0.821981
24   1.1199        0.524922      1.14775       0.814408      0.814661

:         23         :=
1    14.7296
2     1.02412e-08
3     1.01312e-08
4     1.01312e-08
5     1.01307e-08
6     1.01341e-08
7     4.20318
8     1.01314e-08
9     1.02612e-08
10    1.02641e-08
11    1.01708e-08
12    3.54176
13    1.35755
14    2.67824
15    1.01104e-08
16    1.01101e-08
17    1.01108e-08
18    1.01315e-08
19    1.01107e-08
20    1.02284e-08
21    2.55461
22    2.35654
23    2.2949
24    2.27813

 [*,*,Winter] (tr)
:         3             5             7            16            21         :=
1    7.36469       2.85523       7.36469       5.92925       5.92925
2    4.65119e-08   1.0102e-08    1.73013e-06   1.68982e-06   5.43733e-07
3    4.65123e-08   1.0102e-08    1.73078e-06   1.69054e-06   5.43791e-07
4    4.66325e-08   1.01077e-08   2.00137e-06   1.98834e-06   5.63398e-07
5    4.65127e-08   1.01021e-08   1.73112e-06   1.69094e-06   5.43814e-07
6    4.65121e-08   1.0102e-08    1.73047e-06   1.69021e-06   5.43759e-07
7    4.65118e-08   1.0102e-08    1.72983e-06   1.68953e-06   5.43694e-07
8    4.65114e-08   1.0102e-08    1.72919e-06   1.68884e-06   5.43632e-07
9    4.65118e-08   1.0102e-08    1.72999e-06   1.68968e-06   5.43706e-07
10   4.6512e-08    1.01021e-08   1.73082e-06   1.6905e-06    5.43793e-07
11   4.64575e-08   1.00995e-08   1.64904e-06   1.60303e-06   5.35848e-07
12   4.66188e-08   1.0107e-08    1.96382e-06   1.94616e-06   5.61107e-07
13   4.66387e-08   1.0108e-08    1.98344e-06   1.98114e-06   5.63102e-07
14   4.66383e-08   1.01083e-08   2.0117e-06    2.00288e-06   5.64145e-07
15   4.70825e-08   1.01282e-08   0.77647       0.517567      6.76406e-07
16   0.776745      0.517836      3.52844e-05   6.13659e-06   0.517823
17   4.70724e-08   1.01277e-08   0.000201806   0.000225343   6.72843e-07
18   4.6457e-08    1.00994e-08   1.64914e-06   1.60313e-06   5.35837e-07
19   4.64571e-08   1.00994e-08   1.64913e-06   1.60308e-06   5.35842e-07
20   4.64572e-08   1.00994e-08   1.64911e-06   1.60308e-06   5.35839e-07
21   4.65114e-08   1.0102e-08    1.73029e-06   1.68991e-06   5.43717e-07
22   4.64573e-08   1.00994e-08   1.64911e-06   1.60308e-06   5.35841e-07
23   4.64572e-08   1.00994e-08   1.64911e-06   1.60308e-06   5.35844e-07
24   4.64571e-08   1.00994e-08   1.64911e-06   1.60307e-06   5.35847e-07

:         23         :=
1    14.7296
2     1.78052e-06
3     1.78121e-06
4     2.06384e-06
5     1.78158e-06
6     1.78088e-06
7     1.78019e-06
8     1.7795e-06
9     1.78035e-06
10    1.78123e-06
11    1.69604e-06
12    2.02435e-06
13    2.05264e-06
14    2.07627e-06
15    1.55327
16    2.08323e-06
17    0.000181269
18    1.69603e-06
19    1.69602e-06
20    1.69602e-06
21    1.78051e-06
22    1.69602e-06
23    1.69602e-06
24    1.69602e-06
;

